2026-09-26T18:16:32Z	fast2_a5	0	4.1	4.2
2026-09-26T18:16:32Z	c3_a5	0	6.9	7.0
2026-09-26T18:16:32Z	c3_a6	0	20.6	20.8
2026-09-26T18:16:32Z	fast2_a6	0	21.3	21.5
2026-09-26T18:25:02Z	rv3_a2	0	0.0	0.1
2026-09-26T18:25:12Z	rv3_a3	0	0.2	0.2
2026-09-26T18:25:12Z	rv3_a4	0	0.6	0.6
2026-09-26T18:25:23Z	rv3_a5	0	1.5	1.5
2026-09-26T18:25:25Z	rv3_a6	0	8.4	8.5
2026-09-26T18:25:23Z	rv3_a7	0	21.1	21.4
2026-09-26T18:25:02Z	c3_a7	0	67.9	68.7
2026-09-26T18:25:23Z	rv3_a8	0	54.4	55.0
2026-09-26T18:25:02Z	fast2_a7	0	131.4	132.6
2026-09-26T18:28:05Z	brute_small_test	0	4.3	0.4
2026-09-26T18:25:02Z	c3_a8	0	184.9	186.5
2026-09-26T18:29:01Z	fast2_items_a5	0	3.9	3.9
2026-09-26T18:29:14Z	fast2_items_a6	0	21.9	22.2
2026-09-26T18:29:54Z	negctl_a5_a6	0	20.5	20.8
2026-09-26T18:30:33Z	negctl_a5_a6_rerun	0	20.7	21.0
2026-09-26T18:29:14Z	fast2_items_a7	0	134.4	135.9
2026-09-26T18:34:08Z	replay_test	0	0.6	0.6
2026-09-26T18:31:02Z	brute_validate	0	199.2	202.4
2026-09-26T18:34:34Z	bnb_test55	0	0.2	0.2
2026-09-26T18:34:19Z	replay_a5_8	0	23.5	24.1
2026-09-26T18:34:45Z	bnb_test_big	0	10.8	11.2
2026-09-26T18:35:22Z	bnb_spot	1	0.0	0.0
2026-09-26T18:30:54Z	negctl_a7_a8	0	310.2	315.5
2026-09-26T18:37:07Z	facts	0	0.4	0.5
2026-09-26T18:39:45Z	margin_1110_a5_a6	0	1.3	1.3
2026-09-26T18:40:08Z	margin_1110_a7_a8	0	11.3	11.6
2026-09-26T18:29:14Z	fast2_items_a8	0	664.8	674.5
2026-09-26T18:38:30Z	bnb_spot	0	139.5	141.3
2026-09-26T18:42:50Z	rv3_a5_fullval	0	19.7	20.1
2026-09-26T18:42:50Z	bnb_random_rational	0	25.1	25.5
